Date,3382,4502,zscore,s1Buy,s1Sell,s1Profit,s1Performance,s2buy,s2Sell,s2Profit,s2Performance
2021-08-02,4968.0,3682.0,28.333534299781924,,4968.0,,0.0,3682.0,,,0.0
2021-08-03,4908.0,3652.0,18.615251040673485,,,,0.0,,,,0.0
2021-08-04,4926.0,3620.0,14.337263204038562,,,,0.0,,,,0.0
2021-08-05,4884.0,3619.0,10.93486462063156,,,,0.0,,,,0.0
2021-08-06,4828.0,3628.0,8.307060879777074,,,,0.0,,,,0.0
2021-08-10,4910.0,3623.0,7.8361149359737015,,,,0.0,,,,0.0
2021-08-11,4982.0,3673.0,6.735826324322114,,,,0.0,,,,0.0
2021-08-12,4967.0,3646.0,6.043885610560475,,,,0.0,,,,0.0
2021-08-13,4928.0,3674.0,4.509417832316598,,,,0.0,,,,0.0
2021-08-16,4829.0,3638.0,3.4529115682391787,,,,0.0,,,,0.0
2021-08-17,4810.0,3651.0,2.6864812006874383,,,,0.0,,,,0.0
2021-08-18,4787.0,3664.0,1.978994698125591,,,,0.0,,,,0.0
2021-08-19,4846.0,3673.0,2.2469027649289854,,,,0.0,,,,0.0
2021-08-20,4905.0,3658.0,2.818687672211911,,,,0.0,,,,0.0
2021-08-23,5004.0,3728.0,2.578468859085224,,,,0.0,,,,0.0
2021-08-24,5033.0,3724.0,2.6634342210976207,,,,0.0,,,,0.0
2021-08-25,4908.0,3698.0,1.477362959213293,,,,0.0,,,,0.0
2021-08-26,4778.0,3665.0,0.4407333127968199,4778.0,,190.0,190.0,,3665.0,-17.0,-17.0
2021-08-27,4764.0,3648.0,0.48184630161917524,,,,190.0,,,,-17.0
2021-08-30,4745.0,3665.0,0.008760937477431608,,,,190.0,,,,-17.0
2021-08-31,4815.0,3679.0,0.5422849643048745,,,,190.0,,,,-17.0
2021-09-01,4937.0,3728.0,1.0781983402586952,,4937.0,,190.0,3728.0,,,-17.0
2021-09-02,4893.0,3689.0,1.0524846292889913,,,,190.0,,,,-17.0
2021-09-03,4963.0,3725.0,1.1776010523926808,,,,190.0,,,,-17.0
2021-09-06,4952.0,3727.0,0.9251089886292558,,,,190.0,,,,-17.0
2021-09-07,5069.0,3778.0,1.3310523271993158,,,,190.0,,,,-17.0
2021-09-08,5079.0,3815.0,0.8088605157199711,,,,190.0,,,,-17.0
2021-09-09,5109.0,3756.0,1.8289802635152117,,,,190.0,,,,-17.0
2021-09-10,5182.0,3751.0,2.4621497398914998,,,,190.0,,,,-17.0
2021-09-13,5200.0,3737.0,2.6065018206041843,,,,190.0,,,,-17.0
2021-09-14,5116.0,3714.0,1.8258417315216586,,,,190.0,,,,-17.0
2021-09-15,5158.0,3723.0,1.9537438448654125,,,,190.0,,,,-17.0
2021-09-16,5266.0,3780.0,2.0592450843025567,,,,190.0,,,,-17.0
2021-09-17,5192.0,3813.0,0.6674802252043116,,,,190.0,,,,-17.0
2021-09-21,5124.0,3759.0,0.6597800488216827,,,,190.0,,,,-17.0
2021-09-22,5145.0,3740.0,1.0734331129694157,,,,190.0,,,,-17.0
2021-09-24,5201.0,3771.0,1.1057817189810464,,,,190.0,,,,-17.0
2021-09-27,5204.0,3771.0,1.0307340478243732,,,,190.0,,,,-17.0
2021-09-28,5131.0,3755.0,0.4173080538722476,5131.0,,-194.0,-4.0,,3755.0,27.0,10.0
2021-09-29,5088.0,3646.0,1.4817908134646784,,5088.0,,-4.0,3646.0,,,10.0
2021-09-30,5085.0,3699.0,0.550108885082125,,,,-4.0,,,,10.0
2021-10-01,4965.0,3636.0,0.14873935286017334,4965.0,,123.0,119.0,,3636.0,-10.0,0.0
2021-10-04,4966.0,3614.0,0.4609920627101551,,,,119.0,,,,0.0
2021-10-05,4961.0,3567.0,1.0519143252867278,,4961.0,,119.0,3567.0,,,0.0
2021-10-06,4915.0,3340.0,4.020616273773603,,,,119.0,,,,0.0
2021-10-07,4801.0,3221.0,4.359150732960575,,,,119.0,,,,0.0
2021-10-08,4768.0,3199.0,3.9419528598984503,,,,119.0,,,,0.0
2021-10-11,4766.0,3245.0,2.740571821141158,,,,119.0,,,,0.0
2021-10-12,4755.0,3241.0,2.419754687625593,,,,119.0,,,,0.0
2021-10-13,4732.0,3225.0,2.1951460036382806,,,,119.0,,,,0.0
2021-10-14,4759.0,3230.0,2.217674238957826,,,,119.0,,,,0.0
2021-10-15,4813.0,3232.0,2.6070110335232584,,,,119.0,,,,0.0
2021-10-18,4799.0,3207.0,2.6342769382001214,,,,119.0,,,,0.0
2021-10-19,4763.0,3195.0,2.169068448885803,,,,119.0,,,,0.0
2021-10-20,4765.0,3246.0,1.0960191348917814,,,,119.0,,,,0.0
2021-10-21,4773.0,3207.0,1.7649815774351163,,,,119.0,,,,0.0
2021-10-22,4745.0,3203.0,1.3355020412855823,,,,119.0,,,,0.0
2021-10-25,4727.0,3187.0,1.2764630667606758,,,,119.0,,,,0.0
2021-10-26,4798.0,3184.0,2.055582352689904,,,,119.0,,,,0.0
2021-10-27,4880.0,3191.0,2.7109978658499156,,,,119.0,,,,0.0
2021-10-28,4891.0,3165.0,3.062627630316193,,,,119.0,,,,0.0
2021-10-29,4782.0,3203.0,0.7812767928907113,,,,119.0,,,,0.0
2021-11-01,4967.0,3252.0,2.0139835913911304,,,,119.0,,,,0.0
2021-11-02,4992.0,3253.0,2.096622617950193,,,,119.0,,,,0.0
2021-11-04,5047.0,3270.0,2.2331913878414364,,,,119.0,,,,0.0
2021-11-05,5040.0,3244.0,2.4088638641542297,,,,119.0,,,,0.0
2021-11-08,4987.0,3246.0,1.5228310905751044,,,,119.0,,,,0.0
2021-11-09,4982.0,3264.0,0.9977714408460603,,,,119.0,,,,0.0
2021-11-10,5022.0,3232.0,1.9475160801397584,,,,119.0,,,,0.0
2021-11-11,4962.0,3247.0,0.7872159296496792,,,,119.0,,,,0.0
2021-11-12,5010.0,3294.0,0.43746608592783065,5010.0,,-49.0,70.0,,3294.0,-273.0,-273.0
2021-11-15,5000.0,3304.0,0.10588734934179188,,,,70.0,,,,-273.0
2021-11-16,5035.0,3265.0,1.1901634198643094,,5035.0,,70.0,3265.0,,,-273.0
2021-11-17,4937.0,3236.0,0.4512482735411804,4937.0,,98.0,168.0,,3236.0,-29.0,-302.0
2021-11-18,4769.0,3239.0,-1.6165291488829898,4769.0,,,168.0,,3239.0,,-302.0
2021-11-19,4821.0,3227.0,-0.6422947745784937,,,,168.0,,,,-302.0
2021-11-22,4777.0,3185.0,-0.3575173877337814,,4777.0,8.0,176.0,3185.0,,54.0,-248.0
2021-11-24,4780.0,3163.0,0.10898853634650092,,,,176.0,,,,-248.0
2021-11-25,4817.0,3156.0,0.6715435389314194,,,,176.0,,,,-248.0
2021-11-26,4783.0,3136.0,0.5655634413199788,,,,176.0,,,,-248.0
2021-11-29,4626.0,3075.0,-0.2787459909838925,,,,176.0,,,,-248.0
2021-11-30,4554.0,3031.0,-0.32503755665551726,,,,176.0,,,,-248.0
2021-12-01,4594.0,3013.0,0.5515222630873712,,,,176.0,,,,-248.0
2021-12-02,4657.0,3023.0,1.0993772072515098,,4657.0,,176.0,3023.0,,,-248.0
2021-12-03,4726.0,3070.0,0.9526541485799093,,,,176.0,,,,-248.0
2021-12-06,4789.0,3089.0,1.2772662272344577,,,,176.0,,,,-248.0
2021-12-07,4863.0,3150.0,0.907589776136123,,,,176.0,,,,-248.0
2021-12-08,5031.0,3133.0,3.1774463549554137,,,,176.0,,,,-248.0
2021-12-09,5009.0,3112.0,3.0183393844476525,,,,176.0,,,,-248.0
2021-12-10,4971.0,3081.0,2.8779645978753328,,,,176.0,,,,-248.0
2021-12-13,4939.0,3081.0,2.2094868702234236,,,,176.0,,,,-248.0
2021-12-14,4964.0,3116.0,1.6199254108899144,,,,176.0,,,,-248.0
2021-12-15,4986.0,3092.0,2.2061529610812345,,,,176.0,,,,-248.0
2021-12-16,5040.0,3139.0,1.7324877821749456,,,,176.0,,,,-248.0
2021-12-17,5095.0,3142.0,2.1746638712336472,,,,176.0,,,,-248.0
2021-12-20,4883.0,3126.0,-0.29410055112397226,4883.0,,-226.0,-50.0,,3126.0,103.0,-145.0
2021-12-21,4925.0,3155.0,-0.3058710860897317,,,,-50.0,,,,-145.0
2021-12-22,4912.0,3130.0,0.03921530145802679,,,,-50.0,,,,-145.0
2021-12-23,4928.0,3148.0,-0.11237457584742053,,,,-50.0,,,,-145.0
2021-12-24,4952.0,3145.0,0.2450734977402723,,,,-50.0,,,,-145.0
2021-12-27,5001.0,3137.0,0.9679744055352073,,,,-50.0,,,,-145.0
2021-12-28,5078.0,3148.0,1.5937557339213286,,5078.0,,-50.0,3148.0,,,-145.0
2021-12-29,5079.0,3166.0,1.10562263996535,,,,-50.0,,,,-145.0
2021-12-30,5056.0,3137.0,1.285417648285052,,,,-50.0,,,,-145.0
2022-01-04,5190.0,3213.0,1.29926416497425,,,,-50.0,,,,-145.0
2022-01-05,5244.0,3199.0,2.0858314946328194,,,,-50.0,,,,-145.0
2022-01-06,5147.0,3175.0,1.1972801180240962,,,,-50.0,,,,-145.0
2022-01-07,5117.0,3196.0,0.321858123285967,5117.0,,-39.0,-89.0,,3196.0,48.0,-97.0
2022-01-11,5019.0,3275.0,-2.3136867104360572,5019.0,,,-89.0,,3275.0,,-97.0
2022-01-12,5088.0,3344.0,-2.511177326590915,,,,-89.0,,,,-97.0
2022-01-13,4921.0,3363.0,-4.486157393521061,,,,-89.0,,,,-97.0
2022-01-14,5161.0,3344.0,-1.0159384142593748,,,,-89.0,,,,-97.0
2022-01-17,5193.0,3380.0,-1.1842075505123464,,,,-89.0,,,,-97.0
2022-01-18,5190.0,3362.0,-0.7928647630575967,,,,-89.0,,,,-97.0
2022-01-19,5095.0,3305.0,-0.7980236424896459,,,,-89.0,,,,-97.0
2022-01-20,5236.0,3325.0,0.5370604181574263,,5236.0,217.0,128.0,3325.0,,-50.0,-147.0
2022-01-21,5240.0,3323.0,0.56773718501916,,,,128.0,,,,-147.0
2022-01-24,5261.0,3340.0,0.44765662696955405,,,,128.0,,,,-147.0
2022-01-25,5283.0,3282.0,1.7176896000913382,,5283.0,,128.0,3282.0,,,-147.0
2022-01-26,5333.0,3308.0,1.6479021685536916,,,,128.0,,,,-147.0
2022-01-27,5316.0,3287.0,1.6860204402525896,,,,128.0,,,,-147.0
2022-01-28,5430.0,3327.0,2.088877417479847,,,,128.0,,,,-147.0
2022-01-31,5593.0,3328.0,3.7328763503950246,,,,128.0,,,,-147.0
2022-02-01,5838.0,3305.0,6.639444047747074,,,,128.0,,,,-147.0
2022-02-02,5830.0,3325.0,5.512643687970491,,,,128.0,,,,-147.0
2022-02-03,5935.0,3325.0,6.188358819390886,,,,128.0,,,,-147.0
2022-02-04,5786.0,3384.0,2.7436837624672505,,,,128.0,,,,-147.0
2022-02-07,5794.0,3443.0,1.4575081938245273,,,,128.0,,,,-147.0
2022-02-08,5750.0,3498.0,-0.16472159491677046,5750.0,,-467.0,-339.0,,3498.0,216.0,69.0
2022-02-09,5670.0,3474.0,-0.5926311565553494,,,,-339.0,,,,69.0
2022-02-10,5691.0,3520.0,-1.1201017833589841,5691.0,,,-339.0,,3520.0,,69.0
2022-02-14,5704.0,3499.0,-0.503597463662599,,,,-339.0,,,,69.0
2022-02-15,5832.0,3485.0,1.189000734617123,,5832.0,141.0,-198.0,3485.0,,35.0,104.0
2022-02-16,5844.0,3535.0,0.3053716043098517,,,,-198.0,,,,104.0
2022-02-17,5709.0,3543.0,-1.3135893490199402,5709.0,,,-198.0,,3543.0,,104.0
2022-02-18,5698.0,3536.0,-1.1856311400516262,,,,-198.0,,,,104.0
2022-02-21,5726.0,3494.0,-0.03216324738626241,,5726.0,17.0,-181.0,3494.0,,49.0,153.0
2022-02-22,5659.0,3456.0,-0.08106406407126052,,,,-181.0,,,,153.0
2022-02-24,5679.0,3456.0,0.1465737855632386,,,,-181.0,,,,153.0
2022-02-25,5504.0,3434.0,-1.403979922809513,5504.0,,,-181.0,,3434.0,,153.0
2022-02-28,5591.0,3501.0,-1.4917304337844643,,,,-181.0,,,,153.0
2022-03-01,5549.0,3497.0,-1.7368410009537008,,,,-181.0,,,,153.0
2022-03-02,5479.0,3450.0,-1.521183617155791,,,,-181.0,,,,153.0
2022-03-03,5532.0,3498.0,-1.6288541192901518,,,,-181.0,,,,153.0
2022-03-04,5471.0,3460.0,-1.4838380872796217,,,,-181.0,,,,153.0
2022-03-07,5505.0,3419.0,-0.24416233419819316,,5505.0,1.0,-180.0,3419.0,,15.0,168.0
2022-03-08,5456.0,3328.0,0.8926809938980651,,,,-180.0,,,,168.0
2022-03-09,5433.0,3292.0,1.2235759795543184,,5433.0,,-180.0,3292.0,,,168.0
2022-03-10,5419.0,3406.0,-1.1482630923685606,5419.0,,14.0,-166.0,,3406.0,114.0,282.0
2022-03-11,5371.0,3391.0,-1.3095156813152862,5371.0,,,-166.0,,3391.0,,282.0
2022-03-14,5248.0,3429.0,-3.2152071361527783,,,,-166.0,,,,282.0
2022-03-15,5393.0,3416.0,-1.0748752251227993,,,,-166.0,,,,282.0
2022-03-16,5533.0,3506.0,-0.9952524249554796,,,,-166.0,,,,282.0
2022-03-17,5556.0,3521.0,-0.9078352149789797,,,,-166.0,,,,282.0
2022-03-18,5522.0,3594.0,-2.399039791901031,,,,-166.0,,,,282.0
2022-03-22,5597.0,3596.0,-1.4106898198674676,,,,-166.0,,,,282.0
2022-03-23,5600.0,3620.0,-1.637160499209884,,,,-166.0,,,,282.0
2022-03-24,5534.0,3631.0,-2.3503063970662104,,,,-166.0,,,,282.0
2022-03-25,5453.0,3612.0,-2.67429020160342,,,,-166.0,,,,282.0
2022-03-28,5522.0,3581.0,-1.1909682236430224,,,,-166.0,,,,282.0
2022-03-29,5748.0,3605.0,0.9146384945220446,,5748.0,377.0,211.0,3605.0,,-214.0,68.0
2022-03-30,5777.0,3493.0,3.086058458071614,,5777.0,,211.0,3493.0,,,68.0
2022-03-31,5813.0,3498.0,3.0937710012883906,,,,211.0,,,,68.0
2022-04-01,5790.0,3544.0,1.7331194398979957,,,,211.0,,,,68.0
2022-04-04,5793.0,3593.0,0.7532570660975214,,,,211.0,,,,68.0
2022-04-05,5770.0,3616.0,0.050145767024014264,5770.0,,7.0,218.0,,3616.0,123.0,191.0
2022-04-06,5741.0,3598.0,0.042442967922177846,,,,218.0,,,,191.0
2022-04-07,5807.0,3640.0,0.027802612960712576,,,,218.0,,,,191.0
2022-04-08,5610.0,3695.0,-2.9034443194644903,5610.0,,,218.0,,3695.0,,191.0
2022-04-11,5600.0,3722.0,-3.147918655174066,,,,218.0,,,,191.0
2022-04-12,5655.0,3706.0,-2.037615138289446,,,,218.0,,,,191.0
2022-04-13,5645.0,3737.0,-2.4265287280714594,,,,218.0,,,,191.0
2022-04-14,5707.0,3760.0,-1.920212709486057,,,,218.0,,,,191.0
2022-04-15,5573.0,3757.0,-3.0469480867308754,,,,218.0,,,,191.0
2022-04-18,5550.0,3733.0,-2.6288271330094157,,,,218.0,,,,191.0
2022-04-19,5553.0,3723.0,-2.196374842051047,,,,218.0,,,,191.0
2022-04-20,5810.0,3760.0,0.052333506754269676,,5810.0,200.0,418.0,3760.0,,-65.0,126.0
2022-04-21,5799.0,3759.0,-0.048232192506754326,,,,418.0,,,,126.0
2022-04-22,5701.0,3738.0,-0.7106171866511802,,,,418.0,,,,126.0
2022-04-25,5629.0,3713.0,-0.9896997630154625,,,,418.0,,,,126.0
2022-04-26,5674.0,3692.0,-0.10464373778442318,,,,418.0,,,,126.0
2022-04-27,5547.0,3710.0,-1.6789779259855717,5547.0,,,418.0,,3710.0,,126.0
2022-04-28,5718.0,3769.0,-0.6845205976870182,,,,418.0,,,,126.0
2022-05-02,5808.0,3771.0,0.2570166364690448,,5808.0,261.0,679.0,3771.0,,-61.0,65.0
2022-05-06,5993.0,3828.0,1.1976421185913402,,5993.0,,679.0,3828.0,,,65.0
2022-05-09,5762.0,3811.0,-0.9544155471207793,5762.0,,231.0,910.0,,3811.0,-17.0,48.0
2022-05-10,5705.0,3774.0,-0.8742832042633508,,,,910.0,,,,48.0
2022-05-11,5636.0,3735.0,-0.8933272994537583,,,,910.0,,,,48.0
2022-05-12,5600.0,3616.0,0.7005098540211663,,,,910.0,,,,48.0
2022-05-13,5685.0,3671.0,0.6320416419049963,,,,910.0,,,,48.0
2022-05-16,5638.0,3661.0,0.244787492302581,,,,910.0,,,,48.0
2022-05-17,5554.0,3679.0,-0.9325458574499703,,,,910.0,,,,48.0
2022-05-18,5523.0,3690.0,-1.3341333377960622,5523.0,,,910.0,,3690.0,,48.0
2022-05-19,5302.0,3681.0,-3.3497944465524925,,,,910.0,,,,48.0
2022-05-20,5302.0,3729.0,-3.735748256753851,,,,910.0,,,,48.0
2022-05-23,5255.0,3810.0,-4.997951962770948,,,,910.0,,,,48.0
2022-05-24,5177.0,3797.0,-5.12374488673625,,,,910.0,,,,48.0
2022-05-25,5223.0,3787.0,-4.037905117080562,,,,910.0,,,,48.0
2022-05-26,5250.0,3762.0,-3.0327373309379326,,,,910.0,,,,48.0
2022-05-27,5262.0,3744.0,-2.367467233062467,,,,910.0,,,,48.0
2022-05-30,5411.0,3744.0,-0.6298435329581629,,,,910.0,,,,48.0
2022-05-31,5410.0,3703.0,0.027933209913489746,,5410.0,-113.0,797.0,3703.0,,-13.0,35.0
2022-06-01,5483.0,3714.0,0.6078017888501128,,,,797.0,,,,35.0
2022-06-02,5401.0,3609.0,1.3188134603995696,,5401.0,,797.0,3609.0,,,35.0
2022-06-03,5450.0,3619.0,1.5507610587621175,,,,797.0,,,,35.0
2022-06-06,5435.0,3649.0,0.7765055020276159,,,,797.0,,,,35.0
2022-06-07,5490.0,3625.0,1.6540002493348729,,,,797.0,,,,35.0
2022-06-08,5585.0,3636.0,2.3154772793933227,,,,797.0,,,,35.0
2022-06-09,5544.0,3665.0,1.2081814565736715,,,,797.0,,,,35.0
2022-06-10,5545.0,3632.0,1.626039475666024,,,,797.0,,,,35.0
2022-06-13,5396.0,3587.0,0.6206244413068064,,,,797.0,,,,35.0
2022-06-14,5285.0,3591.0,-0.6767988338603241,5285.0,,116.0,913.0,,3591.0,-18.0,17.0
2022-06-15,5206.0,3535.0,-0.5756819883923715,,,,913.0,,,,17.0
2022-06-16,5160.0,3582.0,-1.7433177792893535,5160.0,,,913.0,,3582.0,,17.0
2022-06-17,5184.0,3552.0,-0.8583309815366812,,,,913.0,,,,17.0
2022-06-20,5133.0,3582.0,-1.7822933513299881,,,,913.0,,,,17.0
2022-06-21,5150.0,3614.0,-1.916189981766071,,,,913.0,,,,17.0
2022-06-22,5215.0,3695.0,-2.2525485925116575,,,,913.0,,,,17.0
2022-06-23,5284.0,3705.0,-1.4752891107802346,,,,913.0,,,,17.0
2022-06-24,5324.0,3707.0,-0.9541231902203521,,,,913.0,,,,17.0
2022-06-27,5364.0,3776.0,-1.458149754301749,,,,913.0,,,,17.0
2022-06-28,5377.0,3802.0,-1.5586816071699803,,,,913.0,,,,17.0
2022-06-29,5333.0,3799.0,-1.808123897336406,,,,913.0,,,,17.0
2022-06-30,5267.0,3818.0,-2.5585580639565735,,,,913.0,,,,17.0
2022-07-01,5252.0,3759.0,-1.643959645024243,,,,913.0,,,,17.0
2022-07-04,5409.0,3812.0,-0.6606224706643435,,,,913.0,,,,17.0
2022-07-05,5314.0,3838.0,-1.903760790266591,,,,913.0,,,,17.0
2022-07-06,5276.0,3862.0,-2.423589919233998,,,,913.0,,,,17.0
2022-07-07,5360.0,3932.0,-2.3054440148736832,,,,913.0,,,,17.0
2022-07-08,5325.0,3884.0,-1.7883709594664987,,,,913.0,,,,17.0
2022-07-11,5482.0,3973.0,-1.2836530447339562,,,,913.0,,,,17.0
2022-07-12,5480.0,3972.0,-1.16747947040387,,,,913.0,,,,17.0
2022-07-13,5550.0,3940.0,0.044603051472427886,,5550.0,390.0,1303.0,3940.0,,-358.0,-341.0
2022-07-14,5459.0,3948.0,-0.9440783044791495,,,,1303.0,,,,-341.0
2022-07-15,5444.0,3989.0,-1.537282315691224,5444.0,,,1303.0,,3989.0,,-341.0
2022-07-19,5361.0,3961.0,-1.8207509427947601,,,,1303.0,,,,-341.0
2022-07-20,5370.0,4040.0,-2.56868348102307,,,,1303.0,,,,-341.0
2022-07-21,5348.0,4046.0,-2.605889570706678,,,,1303.0,,,,-341.0
2022-07-22,5357.0,3997.0,-1.6566196319544864,,,,1303.0,,,,-341.0
2022-07-25,5357.0,4001.0,-1.5499552391118747,,,,1303.0,,,,-341.0
2022-07-26,5305.0,3960.0,-1.3747280866422011,,,,1303.0,,,,-341.0
2022-07-27,5330.0,3985.0,-1.3249339365547286,,,,1303.0,,,,-341.0
2022-07-28,5386.0,3985.0,-0.66485049480094,,,,1303.0,,,,-341.0
2022-07-29,5429.0,3925.0,0.5999190269038236,,5429.0,-15.0,1288.0,3925.0,,64.0,-277.0
2022-08-01,5431.0,3808.0,2.1778789892276156,,5431.0,,1288.0,3808.0,,,-277.0
2022-08-02,5327.0,3710.0,2.3371012457539915,,,,1288.0,,,,-277.0
2022-08-03,5319.0,3711.0,2.018154756166793,,,,1288.0,,,,-277.0
2022-08-04,5294.0,3718.0,1.4680886716990935,,,,1288.0,,,,-277.0
2022-08-05,5383.0,3734.0,2.0023786500864102,,,,1288.0,,,,-277.0
2022-08-08,5437.0,3765.0,1.9058747656062398,,,,1288.0,,,,-277.0
2022-08-09,5335.0,3748.0,0.9392597354615867,,,,1288.0,,,,-277.0
2022-08-10,5351.0,3782.0,0.5243776081512694,,,,1288.0,,,,-277.0
2022-08-12,5450.0,3798.0,1.2385875781946567,,,,1288.0,,,,-277.0
2022-08-15,5560.0,3801.0,2.1775323855942585,,,,1288.0,,,,-277.0
2022-08-16,5534.0,3801.0,1.7104404610639423,,,,1288.0,,,,-277.0
2022-08-17,5661.0,3844.0,2.184368667216249,,,,1288.0,,,,-277.0
2022-08-18,5592.0,3864.0,1.0082661922322915,,,,1288.0,,,,-277.0
2022-08-19,5632.0,3816.0,2.0025188911780747,,,,1288.0,,,,-277.0
2022-08-22,5745.0,3834.0,2.6687789875026002,,,,1288.0,,,,-277.0
2022-08-23,5690.0,3840.0,1.7816158071314279,,,,1288.0,,,,-277.0
2022-08-24,5728.0,3810.0,2.4345787790779427,,,,1288.0,,,,-277.0
2022-08-25,5734.0,3851.0,1.6539112691380613,,,,1288.0,,,,-277.0
2022-08-26,5705.0,3814.0,1.7565647221145637,,,,1288.0,,,,-277.0
2022-08-29,5621.0,3821.0,0.6498751932571494,,,,1288.0,,,,-277.0
2022-08-30,5602.0,3865.0,-0.2352107384273679,5602.0,,-171.0,1117.0,,3865.0,57.0,-220.0
2022-08-31,5533.0,3850.0,-0.6793269476907555,,,,1117.0,,,,-220.0
2022-09-01,5426.0,3837.0,-1.4894375580824668,5426.0,,,1117.0,,3837.0,,-220.0
2022-09-02,5551.0,3833.0,-0.05232543374116175,,5551.0,125.0,1242.0,3833.0,,4.0,-216.0
2022-09-05,5554.0,3820.0,0.1697959179586885,,,,1242.0,,,,-216.0
2022-09-06,5560.0,3823.0,0.16992915848764242,,,,1242.0,,,,-216.0
2022-09-07,5661.0,3784.0,1.737770610109101,,5661.0,,1242.0,3784.0,,,-216.0
2022-09-08,5889.0,3885.0,2.3247097405119668,,,,1242.0,,,,-216.0
2022-09-09,5870.0,3914.0,1.492265318358653,,,,1242.0,,,,-216.0
2022-09-12,6023.0,3894.0,3.1362443306613015,,,,1242.0,,,,-216.0
2022-09-13,5983.0,3919.0,2.075045580656536,,,,1242.0,,,,-216.0
2022-09-14,5935.0,3852.0,2.413240985077535,,,,1242.0,,,,-216.0
2022-09-15,5925.0,3876.0,1.7230708297626607,,,,1242.0,,,,-216.0
2022-09-16,5951.0,3882.0,1.7239053522330956,,,,1242.0,,,,-216.0
2022-09-20,5990.0,3842.0,2.552228162505985,,,,1242.0,,,,-216.0
2022-09-21,5917.0,3790.0,2.3903913075110443,,,,1242.0,,,,-216.0
2022-09-22,5914.0,3789.0,2.148574626337263,,,,1242.0,,,,-216.0
2022-09-26,5855.0,3740.0,2.1218202373398958,,,,1242.0,,,,-216.0
2022-09-27,5900.0,3748.0,2.2492761360061175,,,,1242.0,,,,-216.0
2022-09-28,5793.0,3719.0,1.408407404881836,,,,1242.0,,,,-216.0
2022-09-29,5873.0,3776.0,1.185990721874977,,,,1242.0,,,,-216.0
2022-09-30,5806.0,3767.0,0.5384650418626336,,,,1242.0,,,,-216.0
2022-10-03,5559.0,3726.0,-1.3875007008279245,5559.0,,102.0,1344.0,,3726.0,-58.0,-274.0
2022-10-04,5816.0,3874.0,-0.9004807153796613,,,,1344.0,,,,-274.0
2022-10-05,5766.0,3846.0,-0.89351553863795,,,,1344.0,,,,-274.0
2022-10-06,5685.0,3833.0,-1.418378989026029,5685.0,,,1344.0,,3833.0,,-274.0
2022-10-07,5486.0,3789.0,-2.6248598794799496,,,,1344.0,,,,-274.0
2022-10-11,5250.0,3761.0,-4.350206189954879,,,,1344.0,,,,-274.0
2022-10-12,5443.0,3779.0,-2.248179732476595,,,,1344.0,,,,-274.0
2022-10-13,5499.0,3766.0,-1.2802670064530202,,,,1344.0,,,,-274.0
2022-10-14,5613.0,3828.0,-0.9254833784299932,,,,1344.0,,,,-274.0
2022-10-17,5568.0,3817.0,-1.1248930428226096,,,,1344.0,,,,-274.0
2022-10-18,5559.0,3814.0,-1.0639598666147432,,,,1344.0,,,,-274.0
2022-10-19,5672.0,3779.0,0.6866414316272018,,5672.0,-13.0,1331.0,3779.0,,54.0,-220.0
2022-10-20,5693.0,3768.0,0.9996452551651236,,,,1331.0,,,,-220.0
2022-10-21,5608.0,3719.0,0.7924874406203837,,,,1331.0,,,,-220.0
2022-10-24,5591.0,3710.0,0.6819812271931571,,,,1331.0,,,,-220.0
2022-10-25,5577.0,3772.0,-0.46530682857429023,,,,1331.0,,,,-220.0
2022-10-26,5592.0,3825.0,-1.0505770672146033,5592.0,,,1331.0,,3825.0,,-220.0
2022-10-27,5483.0,3807.0,-1.7760398951959446,,,,1331.0,,,,-220.0
2022-10-28,5510.0,3835.0,-1.73915718768821,,,,1331.0,,,,-220.0
2022-10-31,5554.0,3918.0,-2.3036362744958496,,,,1331.0,,,,-220.0
2022-11-01,5592.0,3939.0,-2.005088357649311,,,,1331.0,,,,-220.0
2022-11-02,5538.0,3914.0,-1.9940668825019137,,,,1331.0,,,,-220.0
2022-11-04,5474.0,3838.0,-1.3733142244798917,,,,1331.0,,,,-220.0
2022-11-07,5566.0,3866.0,-0.7308753203079957,,,,1331.0,,,,-220.0
2022-11-08,5602.0,3901.0,-0.8015431290731262,,,,1331.0,,,,-220.0
2022-11-09,5577.0,3880.0,-0.6747864313927345,,,,1331.0,,,,-220.0
2022-11-10,5655.0,3896.0,-0.07408276507376356,,5655.0,63.0,1394.0,3896.0,,-71.0,-291.0
2022-11-11,5669.0,3868.0,0.46982204341081796,,,,1394.0,,,,-291.0
2022-11-14,5424.0,3790.0,-0.8852524522370087,,,,1394.0,,,,-291.0
2022-11-15,5537.0,3839.0,-0.37661727463759287,,,,1394.0,,,,-291.0
2022-11-16,5533.0,3851.0,-0.5510644565908457,,,,1394.0,,,,-291.0
2022-11-17,5575.0,3895.0,-0.705666160008287,,,,1394.0,,,,-291.0
2022-11-18,5620.0,3936.0,-0.7706650952224903,,,,1394.0,,,,-291.0
2022-11-21,5578.0,3958.0,-1.4022375989788423,5578.0,,,1394.0,,3958.0,,-291.0
2022-11-22,5692.0,4012.0,-0.9098650106995031,,,,1394.0,,,,-291.0
2022-11-24,5726.0,4039.0,-0.8638304922206341,,,,1394.0,,,,-291.0
2022-11-25,5705.0,4035.0,-0.926036363158571,,,,1394.0,,,,-291.0
2022-11-28,5702.0,4036.0,-0.8795086862394587,,,,1394.0,,,,-291.0
2022-11-29,5667.0,4008.0,-0.7526273481386915,,,,1394.0,,,,-291.0
2022-11-30,5579.0,4050.0,-2.064023729846742,,,,1394.0,,,,-291.0
2022-12-01,5551.0,4033.0,-1.910860000306872,,,,1394.0,,,,-291.0
2022-12-02,5424.0,3967.0,-2.0754778275915933,,,,1394.0,,,,-291.0
2022-12-05,5411.0,3955.0,-1.8453070664360651,,,,1394.0,,,,-291.0
2022-12-06,5420.0,3980.0,-1.9104302302143001,,,,1394.0,,,,-291.0
2022-12-07,5492.0,4000.0,-1.3034072363571696,,,,1394.0,,,,-291.0
2022-12-08,5500.0,4019.0,-1.350449861399166,,,,1394.0,,,,-291.0
2022-12-09,5573.0,4091.0,-1.4591675529588264,,,,1394.0,,,,-291.0
2022-12-12,5588.0,4051.0,-0.6684601314053307,,,,1394.0,,,,-291.0
2022-12-13,5595.0,4160.0,-1.9144889921820416,,,,1394.0,,,,-291.0
2022-12-14,5641.0,4168.0,-1.4110557864747741,,,,1394.0,,,,-291.0
2022-12-15,5688.0,4180.0,-0.9971764261131896,,,,1394.0,,,,-291.0
2022-12-16,5679.0,4159.0,-0.7234415300333515,,,,1394.0,,,,-291.0
2022-12-19,5669.0,4112.0,-0.15391558910087494,,5669.0,91.0,1485.0,4112.0,,-154.0,-445.0
2022-12-20,5585.0,4072.0,-0.40856493342920813,,,,1485.0,,,,-445.0
2022-12-21,5536.0,4063.0,-0.7125620614038367,,,,1485.0,,,,-445.0
2022-12-22,5629.0,4070.0,0.13454263256919363,,,,1485.0,,,,-445.0
2022-12-23,5633.0,4100.0,-0.22576738265672677,,,,1485.0,,,,-445.0
2022-12-26,5629.0,4102.0,-0.2668068819251895,,,,1485.0,,,,-445.0
2022-12-27,5717.0,4122.0,0.31686654289961097,,,,1485.0,,,,-445.0
2022-12-28,5740.0,4130.0,0.39626636635514895,,,,1485.0,,,,-445.0
2022-12-29,5660.0,4130.0,-0.3775702878032294,,,,1485.0,,,,-445.0
2022-12-30,5660.0,4111.0,-0.10094397579422416,,,,1485.0,,,,-445.0
2023-01-04,5540.0,4031.0,-0.1842662949456948,,,,1485.0,,,,-445.0
2023-01-05,5541.0,4075.0,-0.7213659050529323,,,,1485.0,,,,-445.0
2023-01-06,5553.0,4080.0,-0.6042989931835511,,,,1485.0,,,,-445.0
2023-01-10,5630.0,4026.0,0.8737841133251697,,,,1485.0,,,,-445.0
2023-01-11,5749.0,4099.0,0.9475002923640564,,,,1485.0,,,,-445.0
2023-01-12,5791.0,4095.0,1.2992116125672657,,5791.0,,1485.0,4095.0,,,-445.0
2023-01-13,6142.0,4095.0,4.433051882175986,,,,1485.0,,,,-445.0
2023-01-16,6000.0,4103.0,2.584969038547251,,,,1485.0,,,,-445.0
2023-01-17,6044.0,4119.0,2.529159743007854,,,,1485.0,,,,-445.0
2023-01-18,6020.0,4164.0,1.4668969684455828,,,,1485.0,,,,-445.0
2023-01-19,5963.0,4150.0,0.9907328926534787,,,,1485.0,,,,-445.0
2023-01-20,5961.0,4172.0,0.5903215051214505,,,,1485.0,,,,-445.0
2023-01-23,6047.0,4199.0,0.963364018581223,,,,1485.0,,,,-445.0
2023-01-24,6153.0,4200.0,1.8178249140957088,,,,1485.0,,,,-445.0
2023-01-25,6129.0,4220.0,1.1649098856463833,,,,1485.0,,,,-445.0
2023-01-26,6109.0,4176.0,1.453644851975797,,,,1485.0,,,,-445.0
2023-01-27,6137.0,4134.0,2.1375872924236154,,,,1485.0,,,,-445.0
2023-01-30,6145.0,4135.0,1.9941309534347218,,,,1485.0,,,,-445.0
2023-01-31,6127.0,4090.0,2.2585674420708326,,,,1485.0,,,,-445.0
2023-02-01,6090.0,4075.0,1.9082212202524358,,,,1485.0,,,,-445.0
2023-02-02,5991.0,4054.0,1.0928511071064388,,,,1485.0,,,,-445.0
2023-02-03,5950.0,4171.0,-0.9600413567326262,5950.0,,-159.0,1326.0,,4171.0,76.0,-369.0
2023-02-06,5998.0,4171.0,-0.43137405552773267,,,,1326.0,,,,-369.0
2023-02-07,5953.0,4182.0,-0.943016894710987,,,,1326.0,,,,-369.0
2023-02-08,5963.0,4243.0,-1.5414778462829575,5963.0,,,1326.0,,4243.0,,-369.0
2023-02-09,5914.0,4219.0,-1.5324011935869757,,,,1326.0,,,,-369.0
2023-02-10,5998.0,4218.0,-0.6171792010374864,,,,1326.0,,,,-369.0
2023-02-13,6043.0,4176.0,0.39456188969342176,,6043.0,80.0,1406.0,4176.0,,67.0,-302.0
2023-02-14,6089.0,4212.0,0.302037838843776,,,,1406.0,,,,-302.0
2023-02-15,6066.0,4196.0,0.2744848737937589,,,,1406.0,,,,-302.0
2023-02-16,6107.0,4186.0,0.7518470580575073,,,,1406.0,,,,-302.0
2023-02-17,6083.0,4182.0,0.5152616830322703,,,,1406.0,,,,-302.0
2023-02-20,6134.0,4263.0,-0.1294316088442015,,,,1406.0,,,,-302.0
2023-02-21,6069.0,4305.0,-1.22441088968049,6069.0,,,1406.0,,4305.0,,-302.0
2023-02-22,6008.0,4293.0,-1.4981782891527096,,,,1406.0,,,,-302.0
2023-02-24,6076.0,4203.0,0.3980573976013887,,6076.0,7.0,1413.0,4203.0,,102.0,-200.0
2023-02-27,6047.0,4199.0,0.15006105191750232,,,,1413.0,,,,-200.0
2023-02-28,6090.0,4212.0,0.3548437020675042,,,,1413.0,,,,-200.0
2023-03-01,6062.0,4180.0,0.4871747104814381,,,,1413.0,,,,-200.0
2023-03-02,6049.0,4182.0,0.29633894552115275,,,,1413.0,,,,-200.0
2023-03-03,6178.0,4246.0,0.5941944720644393,,,,1413.0,,,,-200.0
2023-03-06,6270.0,4276.0,0.9673822145505809,,,,1413.0,,,,-200.0
2023-03-07,6261.0,4300.0,0.48479400410352685,,,,1413.0,,,,-200.0
2023-03-08,6330.0,4335.0,0.5968136705013765,,,,1413.0,,,,-200.0
2023-03-09,6589.0,4403.0,1.918500642042201,,6589.0,,1413.0,4403.0,,,-200.0
2023-03-10,6200.0,4348.0,-0.9446259701766724,6200.0,,389.0,1802.0,,4348.0,-55.0,-255.0
2023-03-13,6140.0,4292.0,-0.6789827129074156,,,,1802.0,,,,-255.0
2023-03-14,5936.0,4280.0,-2.273338830388656,5936.0,,,1802.0,,4280.0,,-255.0
2023-03-15,5912.0,4350.0,-3.114926411543869,,,,1802.0,,,,-255.0
2023-03-16,5891.0,4281.0,-2.1725667706787264,,,,1802.0,,,,-255.0
2023-03-17,5916.0,4380.0,-2.931012006242217,,,,1802.0,,,,-255.0
2023-03-20,5771.0,4291.0,-2.8717443302729375,,,,1802.0,,,,-255.0
2023-03-22,5774.0,4365.0,-3.4389368574478234,,,,1802.0,,,,-255.0
2023-03-23,5764.0,4251.0,-1.8530889866729734,,,,1802.0,,,,-255.0
2023-03-24,5817.0,4263.0,-1.349386353698388,,,,1802.0,,,,-255.0
2023-03-27,5850.0,4295.0,-1.3153931075264156,,,,1802.0,,,,-255.0
2023-03-28,5930.0,4289.0,-0.4090027123941315,,5930.0,-6.0,1796.0,4289.0,,-9.0,-264.0
2023-03-29,5950.0,4369.0,-1.1582459035161914,5950.0,,,1796.0,,4369.0,,-264.0
2023-03-30,5940.0,4320.0,-0.5489969783128331,,,,1796.0,,,,-264.0
2023-03-31,5975.0,4350.0,-0.5513761589472564,,,,1796.0,,,,-264.0
2023-04-03,6012.0,4350.0,-0.17567989072120493,,6012.0,62.0,1858.0,4350.0,,19.0,-245.0
2023-04-04,5925.0,4342.0,-0.8236628235460097,,,,1858.0,,,,-245.0
2023-04-05,5843.0,4315.0,-1.1430158946873252,5843.0,,,1858.0,,4315.0,,-245.0
2023-04-06,5872.0,4397.0,-1.7433360493437007,,,,1858.0,,,,-245.0
2023-04-07,5636.0,4400.0,-3.6504648637675805,,,,1858.0,,,,-245.0
2023-04-10,5709.0,4428.0,-2.9845073343084776,,,,1858.0,,,,-245.0
2023-04-11,5746.0,4389.0,-1.9448474099671471,,,,1858.0,,,,-245.0
2023-04-12,5774.0,4431.0,-1.9912915290776643,,,,1858.0,,,,-245.0
2023-04-13,5778.0,4440.0,-1.868014918309845,,,,1858.0,,,,-245.0
2023-04-14,5876.0,4466.0,-1.144310723756778,,,,1858.0,,,,-245.0
2023-04-17,5890.0,4462.0,-0.871394324524508,,,,1858.0,,,,-245.0
2023-04-18,6020.0,4489.0,0.010328970829319963,,6020.0,177.0,2035.0,4489.0,,-174.0,-419.0
2023-04-19,5990.0,4478.0,-0.12006163242427643,,,,2035.0,,,,-419.0
2023-04-20,6009.0,4482.0,0.007093813336539784,,,,2035.0,,,,-419.0
2023-04-21,5977.0,4492.0,-0.37773401388781697,,,,2035.0,,,,-419.0
2023-04-24,5980.0,4516.0,-0.5852901680483394,,,,2035.0,,,,-419.0
2023-04-25,6005.0,4533.0,-0.5087480527666164,,,,2035.0,,,,-419.0
2023-04-26,5984.0,4517.0,-0.458707132415172,,,,2035.0,,,,-419.0
2023-04-27,6006.0,4506.0,-0.106622436484543,,,,2035.0,,,,-419.0
2023-04-28,6145.0,4512.0,1.0069190615933734,,6145.0,,2035.0,4512.0,,,-419.0
2023-05-01,6285.0,4546.0,1.694397257133838,,,,2035.0,,,,-419.0
2023-05-02,6225.0,4580.0,0.6453161870798276,,,,2035.0,,,,-419.0
2023-05-08,6219.0,4593.0,0.3880871255437706,6219.0,,-74.0,1961.0,,4593.0,81.0,-338.0
2023-05-09,6321.0,4629.0,0.7883882828507682,,,,1961.0,,,,-338.0
2023-05-10,6273.0,4575.0,0.9271931439262117,,,,1961.0,,,,-338.0
2023-05-11,6270.0,4565.0,0.9281662922689905,,,,1961.0,,,,-338.0
2023-05-12,6307.0,4449.0,2.516883717944861,,6307.0,,1961.0,4449.0,,,-338.0
2023-05-15,6365.0,4490.0,2.2764285164311553,,,,1961.0,,,,-338.0
2023-05-16,6400.0,4508.0,2.1398294757282583,,,,1961.0,,,,-338.0
2023-05-17,6400.0,4460.0,2.516941180472013,,,,1961.0,,,,-338.0
2023-05-18,6394.0,4466.0,2.1531950375566304,,,,1961.0,,,,-338.0
2023-05-19,6385.0,4470.0,1.8231670955805366,,,,1961.0,,,,-338.0
2023-05-22,6450.0,4553.0,1.2026951433389983,,,,1961.0,,,,-338.0
2023-05-23,6492.0,4554.0,1.426958649678214,,,,1961.0,,,,-338.0
2023-05-24,6410.0,4550.0,0.6539515361633539,,,,1961.0,,,,-338.0
2023-05-25,6300.0,4556.0,-0.396314814397194,6300.0,,7.0,1968.0,,4556.0,107.0,-231.0
2023-05-26,6170.0,4522.0,-1.0560299458806732,6170.0,,,1968.0,,4522.0,,-231.0
2023-05-29,6150.0,4539.0,-1.317234598838701,,,,1968.0,,,,-231.0
2023-05-30,6053.0,4542.0,-2.037550804922589,,,,1968.0,,,,-231.0
2023-05-31,5845.0,4421.0,-2.2455669108715353,,,,1968.0,,,,-231.0
2023-06-01,5948.0,4417.0,-1.1002575370499463,,,,1968.0,,,,-231.0
2023-06-02,5995.0,4468.0,-1.1799762376204865,,,,1968.0,,,,-231.0
2023-06-05,6013.0,4497.0,-1.2444473519991868,,,,1968.0,,,,-231.0
2023-06-06,6168.0,4567.0,-0.6151252803292254,,,,1968.0,,,,-231.0
2023-06-07,6076.0,4515.0,-0.7398604918110927,,,,1968.0,,,,-231.0
2023-06-08,6065.0,4481.0,-0.37472413242886454,,6065.0,-105.0,1863.0,4481.0,,41.0,-190.0
2023-06-09,6128.0,4537.0,-0.44625829688686347,,,,1863.0,,,,-190.0
2023-06-12,6156.0,4504.0,0.20853305194693406,,,,1863.0,,,,-190.0
2023-06-13,6194.0,4524.0,0.2782805294503745,,,,1863.0,,,,-190.0
2023-06-14,6277.0,4533.0,0.8443500747954585,,,,1863.0,,,,-190.0
2023-06-15,6158.0,4537.0,-0.2791455211802698,,,,1863.0,,,,-190.0
2023-06-16,6080.0,4572.0,-1.2958126224386144,6080.0,,,1863.0,,4572.0,,-190.0
2023-06-19,6126.0,4635.0,-1.4823107016585018,,,,1863.0,,,,-190.0
2023-06-20,6147.0,4596.0,-0.7414419911862801,,,,1863.0,,,,-190.0
2023-06-21,6120.0,4583.0,-0.7506250274615857,,,,1863.0,,,,-190.0
2023-06-22,5988.0,4589.0,-1.838718407710895,,,,1863.0,,,,-190.0
2023-06-23,6065.0,4598.0,-1.1244553286563397,,,,1863.0,,,,-190.0
2023-06-26,6085.0,4548.0,-0.2992673388131574,,6085.0,5.0,1868.0,4548.0,,24.0,-166.0
2023-06-27,6107.0,4487.0,0.6067832671553864,,,,1868.0,,,,-166.0
2023-06-28,6210.0,4554.0,0.6476189920444843,,,,1868.0,,,,-166.0
2023-06-29,6331.0,4556.0,1.572571932781641,,6331.0,,1868.0,4556.0,,,-166.0
2023-06-30,6205.0,4527.0,0.7035312208403749,,,,1868.0,,,,-166.0
2023-07-03,6217.0,4547.0,0.5077852293170471,,,,1868.0,,,,-166.0
2023-07-04,6171.0,4518.0,0.4060771729942457,6171.0,,160.0,2028.0,,4518.0,-38.0,-204.0
2023-07-05,6150.0,4544.0,-0.10518891426969598,,,,2028.0,,,,-204.0
2023-07-06,6081.0,4493.0,-0.09497062392836433,,,,2028.0,,,,-204.0
2023-07-07,6023.0,4410.0,0.38230067209855767,,,,2028.0,,,,-204.0
2023-07-10,6005.0,4408.0,0.21429800692688225,,,,2028.0,,,,-204.0
2023-07-11,6000.0,4411.0,0.11562412081858238,,,,2028.0,,,,-204.0
2023-07-12,6174.0,4306.0,2.9008152367844504,,6174.0,,2028.0,4306.0,,,-204.0
2023-07-13,6167.0,4326.0,2.311464261955832,,,,2028.0,,,,-204.0
2023-07-14,5850.0,4304.0,-0.43052690136567756,5850.0,,324.0,2352.0,,4304.0,-2.0,-206.0
2023-07-18,5905.0,4290.0,0.26621732865301,,,,2352.0,,,,-206.0
2023-07-19,5903.0,4332.0,-0.2838120029678792,,,,2352.0,,,,-206.0
2023-07-20,5887.0,4311.0,-0.14560200824689146,,,,2352.0,,,,-206.0
2023-07-21,5862.0,4387.0,-1.2473688307692945,5862.0,,,2352.0,,4387.0,,-206.0
2023-07-24,5856.0,4409.0,-1.4338157313867301,,,,2352.0,,,,-206.0
2023-07-25,5884.0,4373.0,-0.6385585754254035,,,,2352.0,,,,-206.0
2023-07-26,5871.0,4370.0,-0.6557652680403536,,,,2352.0,,,,-206.0
2023-07-27,5877.0,4401.0,-0.9012101978909486,,,,2352.0,,,,-206.0
2023-07-28,5837.0,4324.0,-0.26332591164288416,,5837.0,-25.0,2327.0,4324.0,,63.0,-143.0
2023-07-31,5893.0,4341.0,0.0510732296311446,,,,2327.0,,,,-143.0
